Image123.tif,Label_123.png
Image99.tif,Label_99.png
Image174.tif,Label_174.png
Image32.tif,Label_32.png
Image40.tif,Label_40.png
Image22.tif,Label_22.png
Image175.tif,Label_175.png
Image34.tif,Label_34.png
Image152.tif,Label_152.png
Image92.tif,Label_92.png
Image170.tif,Label_170.png
Image91.tif,Label_91.png
Image146.tif,Label_146.png
Image119.tif,Label_119.png
Image190.tif,Label_190.png
Image112.tif,Label_112.png
Image127.tif,Label_127.png
Image165.tif,Label_165.png
Image35.tif,Label_35.png
Image6.tif,Label_6.png
Image121.tif,Label_121.png
Image228.tif,Label_228.png
Image160.tif,Label_160.png
Image236.tif,Label_236.png
Image55.tif,Label_55.png
Image148.tif,Label_148.png
Image3.tif,Label_3.png
Image96.tif,Label_96.png
Image166.tif,Label_166.png
Image136.tif,Label_136.png
Image68.tif,Label_68.png
Image16.tif,Label_16.png
Image140.tif,Label_140.png
Image135.tif,Label_135.png
Image69.tif,Label_69.png
Image115.tif,Label_115.png
Image11.tif,Label_11.png
Image101.tif,Label_101.png
Image54.tif,Label_54.png
Image105.tif,Label_105.png
Image176.tif,Label_176.png
Image218.tif,Label_218.png
Image30.tif,Label_30.png
Image133.tif,Label_133.png
Image186.tif,Label_186.png
Image149.tif,Label_149.png
Image224.tif,Label_224.png
Image45.tif,Label_45.png
Image184.tif,Label_184.png
Image216.tif,Label_216.png
Image77.tif,Label_77.png
Image211.tif,Label_211.png
Image235.tif,Label_235.png
Image60.tif,Label_60.png
Image217.tif,Label_217.png
Image219.tif,Label_219.png
Image113.tif,Label_113.png
Image214.tif,Label_214.png
Image171.tif,Label_171.png
Image147.tif,Label_147.png
Image150.tif,Label_150.png
Image163.tif,Label_163.png
Image74.tif,Label_74.png
Image78.tif,Label_78.png
Image72.tif,Label_72.png
Image62.tif,Label_62.png
Image70.tif,Label_70.png
Image229.tif,Label_229.png
Image129.tif,Label_129.png
Image232.tif,Label_232.png
Image107.tif,Label_107.png
Image134.tif,Label_134.png
Image51.tif,Label_51.png
Image33.tif,Label_33.png
Image7.tif,Label_7.png
Image86.tif,Label_86.png
Image182.tif,Label_182.png
Image212.tif,Label_212.png
Image196.tif,Label_196.png
Image221.tif,Label_221.png
Image103.tif,Label_103.png
Image38.tif,Label_38.png
Image100.tif,Label_100.png
Image157.tif,Label_157.png
Image58.tif,Label_58.png
Image76.tif,Label_76.png
Image205.tif,Label_205.png
Image143.tif,Label_143.png
Image81.tif,Label_81.png
Image172.tif,Label_172.png
Image187.tif,Label_187.png
Image159.tif,Label_159.png
Image202.tif,Label_202.png
Image89.tif,Label_89.png
Image42.tif,Label_42.png
Image162.tif,Label_162.png
Image28.tif,Label_28.png
Image128.tif,Label_128.png
Image145.tif,Label_145.png
Image164.tif,Label_164.png
Image230.tif,Label_230.png
Image151.tif,Label_151.png
Image17.tif,Label_17.png
Image223.tif,Label_223.png
Image131.tif,Label_131.png
Image220.tif,Label_220.png
Image194.tif,Label_194.png
Image41.tif,Label_41.png
Image227.tif,Label_227.png
Image120.tif,Label_120.png
Image47.tif,Label_47.png
Image195.tif,Label_195.png
Image111.tif,Label_111.png
Image180.tif,Label_180.png
Image98.tif,Label_98.png
Image213.tif,Label_213.png
Image80.tif,Label_80.png
Image14.tif,Label_14.png
Image193.tif,Label_193.png
Image156.tif,Label_156.png
Image46.tif,Label_46.png
Image155.tif,Label_155.png
Image56.tif,Label_56.png
Image63.tif,Label_63.png
Image197.tif,Label_197.png
Image198.tif,Label_198.png
Image144.tif,Label_144.png
Image104.tif,Label_104.png
Image93.tif,Label_93.png
Image204.tif,Label_204.png
Image117.tif,Label_117.png
Image8.tif,Label_8.png
Image181.tif,Label_181.png
Image67.tif,Label_67.png
Image84.tif,Label_84.png
Image139.tif,Label_139.png
Image208.tif,Label_208.png
Image90.tif,Label_90.png
Image97.tif,Label_97.png
Image169.tif,Label_169.png
Image138.tif,Label_138.png
Image83.tif,Label_83.png
Image59.tif,Label_59.png
Image210.tif,Label_210.png
Image231.tif,Label_231.png
Image106.tif,Label_106.png
Image233.tif,Label_233.png
Image79.tif,Label_79.png
Image142.tif,Label_142.png
Image209.tif,Label_209.png
Image188.tif,Label_188.png
Image5.tif,Label_5.png
Image201.tif,Label_201.png
Image48.tif,Label_48.png
Image179.tif,Label_179.png
Image177.tif,Label_177.png
Image108.tif,Label_108.png
Image53.tif,Label_53.png
Image29.tif,Label_29.png
Image21.tif,Label_21.png
Image25.tif,Label_25.png
Image52.tif,Label_52.png
Image185.tif,Label_185.png
Image109.tif,Label_109.png
Image37.tif,Label_37.png
Image64.tif,Label_64.png
Image31.tif,Label_31.png
Image49.tif,Label_49.png
Image234.tif,Label_234.png
Image178.tif,Label_178.png
Image27.tif,Label_27.png
Image183.tif,Label_183.png
Image110.tif,Label_110.png
Image61.tif,Label_61.png
Image88.tif,Label_88.png
Image50.tif,Label_50.png
Image87.tif,Label_87.png
Image26.tif,Label_26.png
Image43.tif,Label_43.png
Image124.tif,Label_124.png
Image192.tif,Label_192.png
Image94.tif,Label_94.png
Image189.tif,Label_189.png
Image161.tif,Label_161.png
Image19.tif,Label_19.png
Image102.tif,Label_102.png
Image200.tif,Label_200.png
Image44.tif,Label_44.png
Image130.tif,Label_130.png